ThomsonTan;344;1;1.0
vlad902;14;128;3;13;2;26;126;26;318;0.040880503144654086
msisov;344;1;1.0
markmentovai;8;2;4;4;13;111;94;11;45;40;299;0.05351170568561873
petrhosek;335;1;1.0
nico;327;1;1.0
sgraham;4;25;45;16;3;32;33;14;5;7;2;55;13;7;30;34;295;0.06440677966101695
tonyo;18;299;19;0.10526315789473684
Youw;143;414;145;0.020689655172413793
frncsrss;12;7;3;2;65;46;42;6;50;71;238;0.058823529411764705
pcc;3;138;153;143;0.027972027972027972
pasko;279;1;1.0
ericastor;12;266;13;0.15384615384615385
sadmac7000;116;155;118;0.025423728813559324
jonathanmetzman;254;1;1.0
kaadam;18;44;182;63;0.047619047619047616
frobtech;249;1;1.0
Steelskin;222;1;1.0
erikchen;222;1;1.0
clarkduvall;218;2;1.0
tamird;202;1;1.0
iromai-sed;42;175;43;0.046511627906976744
WesleyAC;162;1;1.0
vsrinivas;161;1;1.0
vapier;153;1;1.0
timzheng-g;21;128;22;0.09090909090909091
pylaligand;2;139;3;0.6666666666666666
pankhurstG;127;1;1.0
jan-auer;59;37;60;0.03333333333333333
vitalybuka;38;4;39;0.05128205128205128
benjwright;35;1;1.0
danakj;33;1;1.0
ianby;22;1;1.0
ilor;2;1;1.0
