login;commits;percentage
straight-shoota;933;7.158750863193432
asterite;6228;47.78638839868027
