konovod;874;1;1.0
RX14;544;330;545;0.003669724770642202
ysbaddaden;274;237;345;512;0.005859375
